objectid,title,date,time,description,subject,species,location,country,latitude,longitude,type,format,display_template,object_location,image_small,image_thumb,spotter
paw_001,Paw Print 1 (2009),2009,13:00:43,,,species1,,,,,Image,image/jpeg,image,/objects/paw_001.jpg,/objects/paw_001.jpg,/objects/paw_001.jpg,Christoph
paw_002,Paw Print 2 (2021-05-22),2021-05-22,20:38:19,,,species1,"Pyryatyn, UA",Ukraine,50.271293,32.581799,Image,image/jpeg,image,/objects/paw_002.jpg,/objects/paw_002.jpg,/objects/paw_002.jpg,Christoph
paw_003,Paw Print 3 (2021-01-26),2021-01-26,14:46:13,,,species1,"Garachico, ES",Spain,28.806599,-17.770468,Image,image/jpeg,image,/objects/paw_003.jpg,/objects/paw_003.jpg,/objects/paw_003.jpg,Christoph
paw_004,Paw Print 4 (2023-12-14),2023-12-14,14:57:43,,,species2,"Khlong San, TH",Thailand,13.733488,100.505305,Image,image/jpeg,image,/objects/paw_004.jpg,/objects/paw_004.jpg,/objects/paw_004.jpg,Christoph
paw_005,Paw Print 5 (2023-12-22),2023-12-22,15:40:25,,,species1,"Bangkok, TH",Thailand,13.758529,100.496692,Image,image/jpeg,image,/objects/paw_005.jpg,/objects/paw_005.jpg,/objects/paw_005.jpg,Christoph
paw_006,Paw Print 6 (2023-12-24),2023-12-24,14:52:44,,,species2,"Chiang Mai, TH",Thailand,18.782806,98.983021,Image,image/jpeg,image,/objects/paw_006.jpg,/objects/paw_006.jpg,/objects/paw_006.jpg,Christoph
paw_007,Paw Print 7 (2023-12-27),2023-12-27,12:18:23,,,species2,"Chiang Mai, TH",Thailand,18.785696,98.988573,Image,image/jpeg,image,/objects/paw_007.jpg,/objects/paw_007.jpg,/objects/paw_007.jpg,Christoph
paw_008,Paw Print 8 (2023-12-30),2023-12-30,11:11:10,,,species3,"Chiang Mai, TH",Thailand,18.792378,98.986412,Image,image/jpeg,image,/objects/paw_008.jpg,/objects/paw_008.jpg,/objects/paw_008.jpg,Christoph
paw_009,Paw Print 9 (2024-01-01),2024-01-01,17:04:27,,,species2,"Chiang Mai, TH",Thailand,18.800989,98.980647,Image,image/jpeg,image,/objects/paw_009.jpg,/objects/paw_009.jpg,/objects/paw_009.jpg,Christoph
paw_010,Paw Print 10 (2024-01-01),2024-01-01,17:11:46,,,species3,"Chiang Mai, TH",Thailand,18.798652,98.982825,Image,image/jpeg,image,/objects/paw_010.jpg,/objects/paw_010.jpg,/objects/paw_010.jpg,Christoph
paw_011,Paw Print 11 (2024-01-01),2024-01-01,17:34:44,,,species2,"Chiang Mai, TH",Thailand,18.79257,98.982123,Image,image/jpeg,image,/objects/paw_011.jpg,/objects/paw_011.jpg,/objects/paw_011.jpg,Christoph
paw_012,Paw Print 12 (2024-01-01),2024-01-01,22:55:34,,,species2,"Chiang Mai, TH",Thailand,18.784719,98.986373,Image,image/jpeg,image,/objects/paw_012.jpg,/objects/paw_012.jpg,/objects/paw_012.jpg,Christoph
paw_013,Paw Print 13 (2024-01-11),2024-01-11,17:47:23,,,species3,"Chiang Mai, TH",Thailand,18.789473,98.991137,Image,image/jpeg,image,/objects/paw_013.jpg,/objects/paw_013.jpg,/objects/paw_013.jpg,Christoph
paw_014,Paw Print 14 (2024-01-12),2024-01-12,19:53:34,,,species2,"Chiang Mai, TH",Thailand,18.796895,98.970778,Image,image/jpeg,image,/objects/paw_014.jpg,/objects/paw_014.jpg,/objects/paw_014.jpg,Christoph
paw_015,Paw Print 15 (2024-01-19),2024-01-19,21:22:28,,,species2,"Singapore, SG",Singapore,1.375611,103.849778,Image,image/jpeg,image,/objects/paw_015.jpg,/objects/paw_015.jpg,/objects/paw_015.jpg,Christoph
paw_016,Paw Print 16 (2024-01-19),2024-01-19,21:22:33,,,species1,"Singapore, SG",Singapore,1.375598,103.849768,Image,image/jpeg,image,/objects/paw_016.jpg,/objects/paw_016.jpg,/objects/paw_016.jpg,Christoph
paw_017,Paw Print 17 (2024-02-13),2024-02-13,12:14:27,,,species3,"George Town, MY",Malaysia,5.413645,100.334959,Image,image/jpeg,image,/objects/paw_017.jpg,/objects/paw_017.jpg,/objects/paw_017.jpg,Christoph
paw_018,Paw Print 18 (2024-04-18),2024-04-18,15:32:32,,,species2,"Taipei, TW",Taiwan,25.171139,121.437668,Image,image/jpeg,image,/objects/paw_018.jpg,/objects/paw_018.jpg,/objects/paw_018.jpg,Christoph
paw_019,Paw Print 19 (2024-04-18),2024-04-18,15:32:38,,,species2,"Taipei, TW",Taiwan,25.171139,121.437668,Image,image/jpeg,image,/objects/paw_019.jpg,/objects/paw_019.jpg,/objects/paw_019.jpg,Christoph
paw_020,Paw Print 20 (2024-04-18),2024-04-18,15:54:45,,,species3,"Taipei, TW",Taiwan,25.174251,121.432421,Image,image/jpeg,image,/objects/paw_020.jpg,/objects/paw_020.jpg,/objects/paw_020.jpg,Christoph
paw_021,Paw Print 21 (2024-04-18),2024-04-18,15:54:48,,,species3,"Taipei, TW",Taiwan,25.174278,121.432429,Image,image/jpeg,image,/objects/paw_021.jpg,/objects/paw_021.jpg,/objects/paw_021.jpg,Christoph
paw_022,Paw Print 22 (2024-05-11),2024-05-11,14:28:32,,,species3,"Kuah, MY",Malaysia,6.293695,99.725242,Image,image/jpeg,image,/objects/paw_022.jpg,/objects/paw_022.jpg,/objects/paw_022.jpg,Christoph
paw_023,Paw Print 23 (2024-06-01),2024-06-01,13:03:00,,,species2,"Singapore, SG",Singapore,1.374526,103.850767,Image,image/jpeg,image,/objects/paw_023.jpg,/objects/paw_023.jpg,/objects/paw_023.jpg,Christoph
paw_024,Paw Print 24 (2024-06-02),2024-06-02,12:56:14,,,species3,"Singapore, SG",Singapore,1.375278,103.850748,Image,image/jpeg,image,/objects/paw_024.jpg,/objects/paw_024.jpg,/objects/paw_024.jpg,Christoph
paw_025,Paw Print 25 (2024-06-04),2024-06-04,18:44:42,,,species2,"Singapore, SG",Singapore,1.372996,103.849745,Image,image/jpeg,image,/objects/paw_025.jpg,/objects/paw_025.jpg,/objects/paw_025.jpg,Christoph
paw_026,Paw Print 26 (2024-06-04),2024-06-04,18:44:45,,,species3,"Singapore, SG",Singapore,1.373,103.849737,Image,image/jpeg,image,/objects/paw_026.jpg,/objects/paw_026.jpg,/objects/paw_026.jpg,Christoph
paw_027,Paw Print 27 (2024-06-04),2024-06-04,18:44:47,,,species2,"Singapore, SG",Singapore,1.373,103.849737,Image,image/jpeg,image,/objects/paw_027.jpg,/objects/paw_027.jpg,/objects/paw_027.jpg,Christoph
paw_028,Paw Print 28 (2024-06-04),2024-06-04,18:44:55,,,species2,"Singapore, SG",Singapore,1.373,103.849737,Image,image/jpeg,image,/objects/paw_028.jpg,/objects/paw_028.jpg,/objects/paw_028.jpg,Christoph
paw_029,Paw Print 29 (2024-06-04),2024-06-04,22:55:45,,,species1,"Singapore, SG",Singapore,1.375477,103.849738,Image,image/jpeg,image,/objects/paw_029.jpg,/objects/paw_029.jpg,/objects/paw_029.jpg,Christoph
paw_030,Paw Print 30 (2024-06-07),2024-06-07,23:00:08,,,species3,"Singapore, SG",Singapore,1.375566,103.849542,Image,image/jpeg,image,/objects/paw_030.jpg,/objects/paw_030.jpg,/objects/paw_030.jpg,Christoph
paw_031,Paw Print 31 (2024-12-08),2024-12-08,14:29:07,,,species1,"Chongqing, CN",China,29.561521,106.542304,Image,image/jpeg,image,/objects/paw_031.jpg,/objects/paw_031.jpg,/objects/paw_031.jpg,Christoph
paw_032,Paw Print 32 (2024-12-08),2024-12-08,14:29:11,,,species1,"Chongqing, CN",China,29.561521,106.542304,Image,image/jpeg,image,/objects/paw_032.jpg,/objects/paw_032.jpg,/objects/paw_032.jpg,Christoph
paw_033,Paw Print 33 (2024-12-15),2024-12-15,15:56:44,,,species3,"Nanlang, CN",China,22.443935,113.521507,Image,image/jpeg,image,/objects/paw_033.jpg,/objects/paw_033.jpg,/objects/paw_033.jpg,Christoph
paw_034,Paw Print 34 (2024-12-22),2024-12-22,14:32:43,,,species3,"Guangzhou, CN",China,23.119632,113.241281,Image,image/jpeg,image,/objects/paw_034.jpg,/objects/paw_034.jpg,/objects/paw_034.jpg,Christoph
paw_035,Paw Print 35 (2025-01-02),2025-01-02,13:36:11,,,species2,"Shantou, CN",China,23.359619,116.670212,Image,image/jpeg,image,/objects/paw_035.jpg,/objects/paw_035.jpg,/objects/paw_035.jpg,Christoph
paw_036,Paw Print 36 (2025-01-02),2025-01-02,13:36:12,,,species2,"Shantou, CN",China,23.359602,116.670218,Image,image/jpeg,image,/objects/paw_036.jpg,/objects/paw_036.jpg,/objects/paw_036.jpg,Christoph
paw_037,Paw Print 37 (2025-01-04),2025-01-04,15:40:25,,,species2,"Linxi, CN",China,23.717786,116.719272,Image,image/jpeg,image,/objects/paw_037.jpg,/objects/paw_037.jpg,/objects/paw_037.jpg,Christoph
paw_038,Paw Print 38 (2025-01-10),2025-01-10,20:44:47,,,species3,"Bangkok Noi, TH",Thailand,13.744905,100.484495,Image,image/jpeg,image,/objects/paw_038.jpg,/objects/paw_038.jpg,/objects/paw_038.jpg,Christoph
paw_039,Paw Print 39 (2025-01-11),2025-01-11,14:15:42,,,species1,"Bangkok, TH",Thailand,13.742825,100.505501,Image,image/jpeg,image,/objects/paw_039.jpg,/objects/paw_039.jpg,/objects/paw_039.jpg,Christoph
paw_040,Paw Print 40 (2025-01-11),2025-01-11,18:50:11,,,species3,"Bangkok, TH",Thailand,13.744429,100.503884,Image,image/jpeg,image,/objects/paw_040.jpg,/objects/paw_040.jpg,/objects/paw_040.jpg,Christoph
paw_041,Paw Print 41 (2025-01-11),2025-01-11,18:50:20,,,species3,"Bangkok, TH",Thailand,13.744429,100.503884,Image,image/jpeg,image,/objects/paw_041.jpg,/objects/paw_041.jpg,/objects/paw_041.jpg,Christoph
paw_042,Paw Print 42 (2025-01-16),2025-01-16,14:59:52,,,species2,"Phra Khanong, TH",Thailand,13.71214,100.593035,Image,image/jpeg,image,/objects/paw_042.jpg,/objects/paw_042.jpg,/objects/paw_042.jpg,Christoph
paw_043,Paw Print 43 (2025-01-17),2025-01-17,17:08:17,,,species1,"Watthana, TH",Thailand,13.725888,100.585212,Image,image/jpeg,image,/objects/paw_043.jpg,/objects/paw_043.jpg,/objects/paw_043.jpg,Christoph
paw_044,Paw Print 44 (2025-02-05),2025-02-05,09:35:03,,,species2,"Saladan, TH",Thailand,7.612301,99.031457,Image,image/jpeg,image,/objects/paw_044.jpg,/objects/paw_044.jpg,/objects/paw_044.jpg,Christoph
paw_045,Paw Print 45 (2025-02-05),2025-02-05,09:39:09,,,species2,"Saladan, TH",Thailand,7.612285,99.032355,Image,image/jpeg,image,/objects/paw_045.jpg,/objects/paw_045.jpg,/objects/paw_045.jpg,Christoph
paw_046,Paw Print 46 (2025-02-05),2025-02-05,09:39:11,,,species1,"Saladan, TH",Thailand,7.612288,99.032358,Image,image/jpeg,image,/objects/paw_046.jpg,/objects/paw_046.jpg,/objects/paw_046.jpg,Christoph
paw_047,Paw Print 47 (2025-02-05),2025-02-05,20:44:22,,,species1,"Saladan, TH",Thailand,7.630693,99.033661,Image,image/jpeg,image,/objects/paw_047.jpg,/objects/paw_047.jpg,/objects/paw_047.jpg,Christoph
paw_048,Paw Print 48 (2025-02-12),2025-02-12,15:51:16,,,species2,"Ko Lanta, TH",Thailand,7.533928,99.090474,Image,image/jpeg,image,/objects/paw_048.jpg,/objects/paw_048.jpg,/objects/paw_048.jpg,Christoph
paw_049,Paw Print 49 (2025-02-13),2025-02-13,19:05:35,,,species2,"Saladan, TH",Thailand,7.608337,99.03693,Image,image/jpeg,image,/objects/paw_049.jpg,/objects/paw_049.jpg,/objects/paw_049.jpg,Christoph
paw_050,Paw Print 50 (2025-02-13),2025-02-13,22:47:38,,,species3,"Saladan, TH",Thailand,7.608256,99.033361,Image,image/jpeg,image,/objects/paw_050.jpg,/objects/paw_050.jpg,/objects/paw_050.jpg,Christoph
paw_051,Paw Print 51 (2025-02-13),2025-02-13,22:47:40,,,species1,"Saladan, TH",Thailand,7.608258,99.033356,Image,image/jpeg,image,/objects/paw_051.jpg,/objects/paw_051.jpg,/objects/paw_051.jpg,Christoph
paw_052,Paw Print 52 (2025-02-22),2025-02-22,16:08:14,,,species2,"Saladan, TH",Thailand,7.589303,99.039868,Image,image/jpeg,image,/objects/paw_052.jpg,/objects/paw_052.jpg,/objects/paw_052.jpg,Christoph
paw_053,Paw Print 53 (2025-02-22),2025-02-22,16:29:56,,,species1,"Saladan, TH",Thailand,7.59893,99.04201,Image,image/jpeg,image,/objects/paw_053.jpg,/objects/paw_053.jpg,/objects/paw_053.jpg,Christoph
paw_054,Paw Print 54 (2025-02-22),2025-02-22,16:30:07,,,species3,"Saladan, TH",Thailand,7.598931,99.042004,Image,image/jpeg,image,/objects/paw_054.jpg,/objects/paw_054.jpg,/objects/paw_054.jpg,Christoph
paw_055,Paw Print 55 (2025-03-06),2025-03-06,20:53:05,,,species2,"Saladan, TH",Thailand,7.616997,99.033231,Image,image/jpeg,image,/objects/paw_055.jpg,/objects/paw_055.jpg,/objects/paw_055.jpg,Christoph
paw_056,Paw Print 56 (2025-03-20),2025-03-20,10:33:24,,,species3,"Saladan, TH",Thailand,7.601147,99.035927,Image,image/jpeg,image,/objects/paw_056.jpg,/objects/paw_056.jpg,/objects/paw_056.jpg,Christoph
paw_057,Paw Print 57 (2025-03-20),2025-03-20,19:04:01,,,species2,"Krabi, TH",Thailand,8.06521,98.91678,Image,image/jpeg,image,/objects/paw_057.jpg,/objects/paw_057.jpg,/objects/paw_057.jpg,Christoph
paw_058,Paw Print 58 (2025-04-05),2025-04-05,22:59:18,,,species3,"Kuala Lumpur, MY",Malaysia,3.144622,101.698664,Image,image/jpeg,image,/objects/paw_058.jpg,/objects/paw_058.jpg,/objects/paw_058.jpg,Christoph
paw_059,Paw Print 59 (2025-04-07),2025-04-07,19:00:19,,,species3,"Kuala Lumpur, MY",Malaysia,3.148566,101.697481,Image,image/jpeg,image,/objects/paw_059.jpg,/objects/paw_059.jpg,/objects/paw_059.jpg,Christoph
paw_060,Paw Print 60 (2025-04-10),2025-04-10,17:16:55,,,species1,"Kuala Lumpur, MY",Malaysia,3.144871,101.695747,Image,image/jpeg,image,/objects/paw_060.jpg,/objects/paw_060.jpg,/objects/paw_060.jpg,Christoph
paw_061,Paw Print 61 (2025-04-19),2025-04-19,16:58:23,,,species2,"Florstadt, DE",Germany,50.30438,8.812187,Image,image/jpeg,image,/objects/paw_061.jpg,/objects/paw_061.jpg,/objects/paw_061.jpg,Christoph
paw_062,Paw Print 62 (2025-06-16),2025-06-16,22:38:57,,,species2,"Berlin Treptow, DE",Germany,52.498028,13.430985,Image,image/jpeg,image,/objects/paw_062.jpg,/objects/paw_062.jpg,/objects/paw_062.jpg,Christoph
paw_063,Paw Print 63 (2025-09-01),2025-09-01,19:58:31,,,species2,"Bordeaux, FR",France,44.84106,-0.575128,Image,image/jpeg,image,/objects/paw_063.jpg,/objects/paw_063.jpg,/objects/paw_063.jpg,Christoph
paw_064,Paw Print 64 (2025-09-23),2025-09-23,19:35:24,,,species2,"Sulmona, IT",Italy,42.048493,13.930786,Image,image/jpeg,image,/objects/paw_064.jpg,/objects/paw_064.jpg,/objects/paw_064.jpg,Christoph
paw_065,Paw Print 65 (2025-09-25),2025-09-25,16:53:34,,,species1,"Rome, IT",Italy,41.88019,12.484139,Image,image/jpeg,image,/objects/paw_065.jpg,/objects/paw_065.jpg,/objects/paw_065.jpg,Christoph
paw_066,Paw Print 66 (2025-09-28),2025-09-28,17:39:09,,,species3,"Chengdu, CN",China,30.630631,104.058208,Image,image/jpeg,image,/objects/paw_066.jpg,/objects/paw_066.jpg,/objects/paw_066.jpg,Christoph
paw_067,Paw Print 67 (2025-09-28),2025-09-28,21:59:55,,,species1,"Chengdu, CN",China,30.64493,104.073188,Image,image/jpeg,image,/objects/paw_067.jpg,/objects/paw_067.jpg,/objects/paw_067.jpg,Christoph
paw_068,Paw Print 68 (2025-09-29),2025-09-29,16:38:24,,,species2,"Xipu, CN",China,30.725683,104.006581,Image,image/jpeg,image,/objects/paw_068.jpg,/objects/paw_068.jpg,/objects/paw_068.jpg,Christoph
paw_069,Paw Print 69 (2025-10-02),2025-10-02,14:51:34,,,species2,"Chengdu, CN",China,30.640927,104.052317,Image,image/jpeg,image,/objects/paw_069.jpg,/objects/paw_069.jpg,/objects/paw_069.jpg,Christoph
paw_070,Paw Print 70 (2025-10-05),2025-10-05,21:04:58,,,species1,"Chengdu, CN",China,30.639247,104.070495,Image,image/jpeg,image,/objects/paw_070.jpg,/objects/paw_070.jpg,/objects/paw_070.jpg,Christoph
paw_071,Paw Print 71 (2025-10-22),2025-10-22,23:08:12,,,species3,"Luwan, CN",China,31.206977,121.463843,Image,image/jpeg,image,/objects/paw_071.jpg,/objects/paw_071.jpg,/objects/paw_071.jpg,Christoph
paw_072,Paw Print 72 (2025-10-24),2025-10-24,12:19:45,,,species1,"Chiang Mai, TH",Thailand,18.786606,98.991887,Image,image/jpeg,image,/objects/paw_072.jpg,/objects/paw_072.jpg,/objects/paw_072.jpg,Christoph
paw_073,Paw Print 73 (2025-10-24),2025-10-24,14:38:17,,,species1,"Chiang Mai, TH",Thailand,18.790563,98.996914,Image,image/jpeg,image,/objects/paw_073.jpg,/objects/paw_073.jpg,/objects/paw_073.jpg,Christoph
paw_074,Paw Print 74 (2025-10-24),2025-10-24,14:38:22,,,species3,"Chiang Mai, TH",Thailand,18.790551,98.996926,Image,image/jpeg,image,/objects/paw_074.jpg,/objects/paw_074.jpg,/objects/paw_074.jpg,Christoph
paw_075,Paw Print 75 (2025-10-24),2025-10-24,18:59:40,,,species1,"Chiang Mai, TH",Thailand,18.791126,98.970517,Image,image/jpeg,image,/objects/paw_075.jpg,/objects/paw_075.jpg,/objects/paw_075.jpg,Christoph
paw_076,Paw Print 76 (2025-10-25),2025-10-25,14:00:34,,,species3,"Chiang Mai, TH",Thailand,18.790621,98.986564,Image,image/jpeg,image,/objects/paw_076.jpg,/objects/paw_076.jpg,/objects/paw_076.jpg,Christoph
paw_077,Paw Print 77 (2025-10-25),2025-10-25,18:36:40,,,species1,"Chiang Mai, TH",Thailand,18.784546,98.988426,Image,image/jpeg,image,/objects/paw_077.jpg,/objects/paw_077.jpg,/objects/paw_077.jpg,Christoph
paw_078,Paw Print 78 (2025-10-28),2025-10-28,14:39:43,,,species2,"Chiang Mai, TH",Thailand,18.790706,98.987698,Image,image/jpeg,image,/objects/paw_078.jpg,/objects/paw_078.jpg,/objects/paw_078.jpg,Christoph
paw_079,Paw Print 79 (2025-10-28),2025-10-28,15:06:45,,,species2,"Chiang Mai, TH",Thailand,18.784634,98.986345,Image,image/jpeg,image,/objects/paw_079.jpg,/objects/paw_079.jpg,/objects/paw_079.jpg,Christoph
paw_080,Paw Print 80 (2025-10-28),2025-10-28,15:06:50,,,species3,"Chiang Mai, TH",Thailand,18.784633,98.986348,Image,image/jpeg,image,/objects/paw_080.jpg,/objects/paw_080.jpg,/objects/paw_080.jpg,Christoph
paw_081,Paw Print 81 (2025-10-28),2025-10-28,15:09:09,,,species2,"Chiang Mai, TH",Thailand,18.783672,98.986171,Image,image/jpeg,image,/objects/paw_081.jpg,/objects/paw_081.jpg,/objects/paw_081.jpg,Christoph
paw_082,Paw Print 82 (2025-10-28),2025-10-28,15:09:41,,,species1,"Chiang Mai, TH",Thailand,18.783503,98.986094,Image,image/jpeg,image,/objects/paw_082.jpg,/objects/paw_082.jpg,/objects/paw_082.jpg,Christoph
paw_083,Paw Print 83 (2025-10-28),2025-10-28,15:10:15,,,species1,"Chiang Mai, TH",Thailand,18.783303,98.986244,Image,image/jpeg,image,/objects/paw_083.jpg,/objects/paw_083.jpg,/objects/paw_083.jpg,Christoph
paw_084,Paw Print 84 (2025-10-28),2025-10-28,15:10:17,,,species3,"Chiang Mai, TH",Thailand,18.783298,98.986246,Image,image/jpeg,image,/objects/paw_084.jpg,/objects/paw_084.jpg,/objects/paw_084.jpg,Christoph
paw_085,Paw Print 85 (2025-10-29),2025-10-29,00:01:36,,,species3,"Chiang Mai, TH",Thailand,18.78964,98.983654,Image,image/jpeg,image,/objects/paw_085.jpg,/objects/paw_085.jpg,/objects/paw_085.jpg,Christoph
paw_086,Paw Print 86 (2025-10-29),2025-10-29,11:21:35,,,species2,"Chiang Mai, TH",Thailand,18.785676,98.988214,Image,image/jpeg,image,/objects/paw_086.jpg,/objects/paw_086.jpg,/objects/paw_086.jpg,Christoph
paw_087,Paw Print 87 (2025-10-29),2025-10-29,12:48:18,,,species2,"Chiang Mai, TH",Thailand,18.786157,98.988169,Image,image/jpeg,image,/objects/paw_087.jpg,/objects/paw_087.jpg,/objects/paw_087.jpg,Christoph
paw_088,Paw Print 88 (2025-10-29),2025-10-29,12:48:36,,,species1,"Chiang Mai, TH",Thailand,18.78616,98.988169,Image,image/jpeg,image,/objects/paw_088.jpg,/objects/paw_088.jpg,/objects/paw_088.jpg,Christoph
paw_089,Paw Print 89 (2025-10-29),2025-10-29,21:31:53,,,species3,"Chiang Mai, TH",Thailand,18.784495,99.000477,Image,image/jpeg,image,/objects/paw_089.jpg,/objects/paw_089.jpg,/objects/paw_089.jpg,Christoph
paw_090,Paw Print 90 (2025-10-29),2025-10-29,21:51:27,,,species2,"Chiang Mai, TH",Thailand,18.789342,98.999135,Image,image/jpeg,image,/objects/paw_090.jpg,/objects/paw_090.jpg,/objects/paw_090.jpg,Christoph
paw_091,Paw Print 91 (2025-11-01),2025-11-01,13:48:45,,,species3,"Pai, TH",Thailand,19.371056,98.402208,Image,image/jpeg,image,/objects/paw_091.jpg,/objects/paw_091.jpg,/objects/paw_091.jpg,Christoph
paw_092,Paw Print 92 (2025-11-01),2025-11-01,14:27:53,,,species3,"Pai, TH",Thailand,19.37096,98.403748,Image,image/jpeg,image,/objects/paw_092.jpg,/objects/paw_092.jpg,/objects/paw_092.jpg,Christoph
paw_093,Paw Print 93 (2025-11-01),2025-11-01,14:37:54,,,species2,"Pai, TH",Thailand,19.372837,98.399648,Image,image/jpeg,image,/objects/paw_093.jpg,/objects/paw_093.jpg,/objects/paw_093.jpg,Christoph
paw_094,Paw Print 94 (2025-11-01),2025-11-01,14:39:10,,,species2,"Pai, TH",Thailand,19.373009,98.399033,Image,image/jpeg,image,/objects/paw_094.jpg,/objects/paw_094.jpg,/objects/paw_094.jpg,Christoph
paw_095,Paw Print 95 (2025-11-01),2025-11-01,14:39:25,,,species3,"Pai, TH",Thailand,19.373035,98.399,Image,image/jpeg,image,/objects/paw_095.jpg,/objects/paw_095.jpg,/objects/paw_095.jpg,Christoph
paw_096,Paw Print 96 (2025-11-01),2025-11-01,14:39:29,,,species3,"Pai, TH",Thailand,19.373026,98.399,Image,image/jpeg,image,/objects/paw_096.jpg,/objects/paw_096.jpg,/objects/paw_096.jpg,Christoph
paw_097,Paw Print 97 (2025-11-01),2025-11-01,17:21:15,,,species3,"Pai, TH",Thailand,19.372442,98.401674,Image,image/jpeg,image,/objects/paw_097.jpg,/objects/paw_097.jpg,/objects/paw_097.jpg,Christoph
paw_098,Paw Print 98 (2025-11-02),2025-11-02,20:09:11,,,species2,"Pai, TH",Thailand,19.358981,98.443865,Image,image/jpeg,image,/objects/paw_098.jpg,/objects/paw_098.jpg,/objects/paw_098.jpg,Christoph
paw_099,Paw Print 99 (2025-11-04),2025-11-04,11:41:19,,,species2,"Mae Hi, TH",Thailand,19.35058,98.451907,Image,image/jpeg,image,/objects/paw_099.jpg,/objects/paw_099.jpg,/objects/paw_099.jpg,Christoph
paw_100,Paw Print 100 (2025-11-06),2025-11-06,22:05:48,,,species1,"Chiang Mai, TH",Thailand,18.795251,98.987032,Image,image/jpeg,image,/objects/paw_100.jpg,/objects/paw_100.jpg,/objects/paw_100.jpg,Christoph
paw_101,Paw Print 101 (2025-11-07),2025-11-07,17:10:03,,,species3,"Chiang Mai, TH",Thailand,18.783143,98.982268,Image,image/jpeg,image,/objects/paw_101.jpg,/objects/paw_101.jpg,/objects/paw_101.jpg,Christoph
paw_102,Paw Print 102 (2025-11-07),2025-11-07,19:04:11,,,species3,"Chiang Mai, TH",Thailand,18.787208,98.988108,Image,image/jpeg,image,/objects/paw_102.jpg,/objects/paw_102.jpg,/objects/paw_102.jpg,Christoph
paw_103,Paw Print 103 (2025-11-09),2025-11-09,14:53:40,,,species1,"Chiang Mai, TH",Thailand,18.795699,98.988151,Image,image/jpeg,image,/objects/paw_103.jpg,/objects/paw_103.jpg,/objects/paw_103.jpg,Christoph
paw_104,Paw Print 104 (2025-11-09),2025-11-09,15:04:49,,,species2,"Chiang Mai, TH",Thailand,18.7954,98.982885,Image,image/jpeg,image,/objects/paw_104.jpg,/objects/paw_104.jpg,/objects/paw_104.jpg,Christoph
paw_105,Paw Print 105 (2025-11-09),2025-11-09,16:36:05,,,species3,"Chiang Mai, TH",Thailand,18.799375,98.933768,Image,image/jpeg,image,/objects/paw_105.jpg,/objects/paw_105.jpg,/objects/paw_105.jpg,Christoph
paw_106,Paw Print 106 (2025-11-10),2025-11-10,15:27:17,,,species3,"Chiang Mai, TH",Thailand,18.783216,98.989643,Image,image/jpeg,image,/objects/paw_106.jpg,/objects/paw_106.jpg,/objects/paw_106.jpg,Christoph
paw_107,Paw Print 107 (2025-11-10),2025-11-10,15:29:39,,,species2,"Chiang Mai, TH",Thailand,18.782615,98.988827,Image,image/jpeg,image,/objects/paw_107.jpg,/objects/paw_107.jpg,/objects/paw_107.jpg,Christoph
paw_108,Paw Print 108 (2025-11-10),2025-11-10,17:15:04,,,species1,"Chiang Mai, TH",Thailand,18.782897,98.990193,Image,image/jpeg,image,/objects/paw_108.jpg,/objects/paw_108.jpg,/objects/paw_108.jpg,Christoph
paw_109,Paw Print 109 (2025-11-10),2025-11-10,18:02:16,,,species1,"Chiang Mai, TH",Thailand,18.782085,98.989897,Image,image/jpeg,image,/objects/paw_109.jpg,/objects/paw_109.jpg,/objects/paw_109.jpg,Christoph
paw_110,Paw Print 110 (2025-11-10),2025-11-10,19:48:21,,,species3,"Chiang Mai, TH",Thailand,18.784488,98.9884,Image,image/jpeg,image,/objects/paw_110.jpg,/objects/paw_110.jpg,/objects/paw_110.jpg,Christoph
paw_111,Paw Print 111 (2025-11-11),2025-11-11,16:53:30,,,species2,"Chiang Mai, TH",Thailand,18.787004,98.990358,Image,image/jpeg,image,/objects/paw_111.jpg,/objects/paw_111.jpg,/objects/paw_111.jpg,Christoph
paw_112,Paw Print 112 (2025-11-21),2025-11-21,15:55:10,,,species3,"Nara-shi, JP",Japan,34.69028,135.843843,Image,image/jpeg,image,/objects/paw_112.jpg,/objects/paw_112.jpg,/objects/paw_112.jpg,Christoph
paw_113,Paw Print 113 (2025-11-21),2025-11-21,15:55:16,,,species2,"Nara-shi, JP",Japan,34.690279,135.843842,Image,image/jpeg,image,/objects/paw_113.jpg,/objects/paw_113.jpg,/objects/paw_113.jpg,Christoph
paw_114,Paw Print 114 (2025-11-21),2025-11-21,15:56:02,,,species3,"Nara-shi, JP",Japan,34.690037,135.843571,Image,image/jpeg,image,/objects/paw_114.jpg,/objects/paw_114.jpg,/objects/paw_114.jpg,Christoph
paw_115,Paw Print 115 (2025-12-04),2025-12-04,15:02:49,,,species1,"Hakone, JP",Japan,35.240793,139.018907,Image,image/jpeg,image,/objects/paw_115.jpg,/objects/paw_115.jpg,/objects/paw_115.jpg,Christoph
paw_116,Paw Print 116 (2025-12-09),2025-12-09,15:37:42,,,species2,"Kunming, CN",China,25.019826,102.719084,Image,image/jpeg,image,/objects/paw_116.jpg,/objects/paw_116.jpg,/objects/paw_116.jpg,Christoph
paw_117,Paw Print 117 (2025-12-09),2025-12-09,15:37:50,,,species2,"Kunming, CN",China,25.019821,102.719047,Image,image/jpeg,image,/objects/paw_117.jpg,/objects/paw_117.jpg,/objects/paw_117.jpg,Christoph
paw_118,Paw Print 118 (2025-12-10),2025-12-10,21:56:18,,,species1,"Vangviang, LA",LA,18.92323,102.449002,Image,image/jpeg,image,/objects/paw_118.jpg,/objects/paw_118.jpg,/objects/paw_118.jpg,Christoph
paw_119,Paw Print 119 (2025-12-11),2025-12-11,13:47:42,,,species2,"Vangviang, LA",LA,18.919787,102.4208,Image,image/jpeg,image,/objects/paw_119.jpg,/objects/paw_119.jpg,/objects/paw_119.jpg,Christoph
paw_120,Paw Print 120 (2025-12-11),2025-12-11,13:48:16,,,species1,"Vangviang, LA",LA,18.919782,102.420794,Image,image/jpeg,image,/objects/paw_120.jpg,/objects/paw_120.jpg,/objects/paw_120.jpg,Christoph
paw_121,Paw Print 121 (2025-12-11),2025-12-11,13:48:28,,,species3,"Vangviang, LA",LA,18.919782,102.420794,Image,image/jpeg,image,/objects/paw_121.jpg,/objects/paw_121.jpg,/objects/paw_121.jpg,Christoph
paw_122,Paw Print 122 (2025-12-11),2025-12-11,13:48:34,,,species3,"Vangviang, LA",LA,18.919782,102.420794,Image,image/jpeg,image,/objects/paw_122.jpg,/objects/paw_122.jpg,/objects/paw_122.jpg,Christoph
paw_123,Paw Print 123 (2025-12-11),2025-12-11,14:31:41,,,species1,"Vangviang, LA",LA,18.922536,102.414556,Image,image/jpeg,image,/objects/paw_123.jpg,/objects/paw_123.jpg,/objects/paw_123.jpg,Christoph
paw_124,Paw Print 124 (2025-12-11),2025-12-11,14:46:24,,,species2,"Vangviang, LA",LA,18.922606,102.414563,Image,image/jpeg,image,/objects/paw_124.jpg,/objects/paw_124.jpg,/objects/paw_124.jpg,Christoph
paw_125,Paw Print 125 (2025-12-11),2025-12-11,14:46:36,,,species1,"Vangviang, LA",LA,18.922608,102.414551,Image,image/jpeg,image,/objects/paw_125.jpg,/objects/paw_125.jpg,/objects/paw_125.jpg,Christoph
paw_126,Paw Print 126 (2025-12-11),2025-12-11,15:25:42,,,species2,"Vangviang, LA",LA,18.919963,102.420774,Image,image/jpeg,image,/objects/paw_126.jpg,/objects/paw_126.jpg,/objects/paw_126.jpg,Christoph
paw_127,Paw Print 127 (2025-12-11),2025-12-11,18:55:50,,,species2,"Vangviang, LA",LA,18.924768,102.449068,Image,image/jpeg,image,/objects/paw_127.jpg,/objects/paw_127.jpg,/objects/paw_127.jpg,Christoph
paw_128,Paw Print 128 (2025-12-11),2025-12-11,18:56:09,,,species2,"Vangviang, LA",LA,18.924766,102.44905,Image,image/jpeg,image,/objects/paw_128.jpg,/objects/paw_128.jpg,/objects/paw_128.jpg,Christoph
paw_129,Paw Print 129 (2025-12-11),2025-12-11,19:03:41,,,species1,"Vangviang, LA",LA,18.927171,102.449509,Image,image/jpeg,image,/objects/paw_129.jpg,/objects/paw_129.jpg,/objects/paw_129.jpg,Christoph
paw_130,Paw Print 130 (2025-12-11),2025-12-11,20:21:48,,,species1,"Vangviang, LA",LA,18.925312,102.449178,Image,image/jpeg,image,/objects/paw_130.jpg,/objects/paw_130.jpg,/objects/paw_130.jpg,Christoph
paw_131,Paw Print 131 (2025-12-12),2025-12-12,12:18:12,,,species3,"Vangviang, LA",LA,18.926897,102.448869,Image,image/jpeg,image,/objects/paw_131.jpg,/objects/paw_131.jpg,/objects/paw_131.jpg,Christoph
paw_132,Paw Print 132 (2025-12-12),2025-12-12,12:18:21,,,species2,"Vangviang, LA",LA,18.926899,102.448879,Image,image/jpeg,image,/objects/paw_132.jpg,/objects/paw_132.jpg,/objects/paw_132.jpg,Christoph
paw_133,Paw Print 133 (2025-12-12),2025-12-12,12:18:27,,,species1,"Vangviang, LA",LA,18.926899,102.448879,Image,image/jpeg,image,/objects/paw_133.jpg,/objects/paw_133.jpg,/objects/paw_133.jpg,Christoph
paw_134,Paw Print 134 (2025-12-12),2025-12-12,12:20:01,,,species1,"Vangviang, LA",LA,18.927401,102.448458,Image,image/jpeg,image,/objects/paw_134.jpg,/objects/paw_134.jpg,/objects/paw_134.jpg,Christoph
paw_135,Paw Print 135 (2025-12-12),2025-12-12,12:40:16,,,species1,"Vangviang, LA",LA,18.928807,102.447759,Image,image/jpeg,image,/objects/paw_135.jpg,/objects/paw_135.jpg,/objects/paw_135.jpg,Christoph
paw_136,Paw Print 136 (2025-12-12),2025-12-12,13:15:24,,,species3,"Vangviang, LA",LA,18.923166,102.448836,Image,image/jpeg,image,/objects/paw_136.jpg,/objects/paw_136.jpg,/objects/paw_136.jpg,Christoph
paw_137,Paw Print 137 (2025-12-13),2025-12-13,12:45:22,,,species3,"Louangphabang, LA",LA,19.890283,102.13705,Image,image/jpeg,image,/objects/paw_137.jpg,/objects/paw_137.jpg,/objects/paw_137.jpg,Christoph
paw_138,Paw Print 138 (2025-12-15),2025-12-15,14:32:06,,,species1,"Louangphabang, LA",LA,19.882206,102.13803,Image,image/jpeg,image,/objects/paw_138.jpg,/objects/paw_138.jpg,/objects/paw_138.jpg,Christoph
paw_139,Paw Print 139 (2025-12-15),2025-12-15,15:24:34,,,species1,"Louangphabang, LA",LA,19.881723,102.135655,Image,image/jpeg,image,/objects/paw_139.jpg,/objects/paw_139.jpg,/objects/paw_139.jpg,Christoph
paw_140,Paw Print 140 (2025-12-15),2025-12-15,15:27:37,,,species2,"Louangphabang, LA",LA,19.882642,102.135182,Image,image/jpeg,image,/objects/paw_140.jpg,/objects/paw_140.jpg,/objects/paw_140.jpg,Christoph
paw_141,Paw Print 141 (2025-12-16),2025-12-16,14:41:36,,,species3,"Xiang Ngeun, LA",LA,19.754213,101.997424,Image,image/jpeg,image,/objects/paw_141.jpg,/objects/paw_141.jpg,/objects/paw_141.jpg,Christoph
paw_142,Paw Print 142 (2025-12-16),2025-12-16,14:41:54,,,species2,"Xiang Ngeun, LA",LA,19.754333,101.997445,Image,image/jpeg,image,/objects/paw_142.jpg,/objects/paw_142.jpg,/objects/paw_142.jpg,Christoph
paw_143,Paw Print 143 (2025-12-17),2025-12-17,19:20:13,,,species3,"Khlong San, TH",Thailand,13.72793,100.509633,Image,image/jpeg,image,/objects/paw_143.jpg,/objects/paw_143.jpg,/objects/paw_143.jpg,Christoph
paw_144,Paw Print 144 (2025-12-17),2025-12-17,19:20:16,,,species1,"Khlong San, TH",Thailand,13.727928,100.509631,Image,image/jpeg,image,/objects/paw_144.jpg,/objects/paw_144.jpg,/objects/paw_144.jpg,Christoph
paw_145,Paw Print 145 (2025-12-17),2025-12-17,19:20:22,,,species1,"Khlong San, TH",Thailand,13.727916,100.509613,Image,image/jpeg,image,/objects/paw_145.jpg,/objects/paw_145.jpg,/objects/paw_145.jpg,Christoph
paw_146,Paw Print 146 (2025-12-18),2025-12-18,20:42:02,,,species2,"Khlong San, TH",Thailand,13.743194,100.508706,Image,image/jpeg,image,/objects/paw_146.jpg,/objects/paw_146.jpg,/objects/paw_146.jpg,Christoph
paw_147,Paw Print 147 (2025-12-18),2025-12-18,20:42:08,,,species3,"Khlong San, TH",Thailand,13.743194,100.508706,Image,image/jpeg,image,/objects/paw_147.jpg,/objects/paw_147.jpg,/objects/paw_147.jpg,Christoph
paw_148,Paw Print 148 (2025-12-19),2025-12-19,15:24:24,,,species2,"Bang Kho Laem, TH",Thailand,13.70403,100.504539,Image,image/jpeg,image,/objects/paw_148.jpg,/objects/paw_148.jpg,/objects/paw_148.jpg,Christoph
paw_149,Paw Print 149 (2025-12-19),2025-12-19,15:39:28,,,species2,"Bang Kho Laem, TH",Thailand,13.703787,100.502368,Image,image/jpeg,image,/objects/paw_149.jpg,/objects/paw_149.jpg,/objects/paw_149.jpg,Christoph
paw_150,Paw Print 150 (2025-12-19),2025-12-19,15:39:40,,,species2,"Bang Kho Laem, TH",Thailand,13.703801,100.502352,Image,image/jpeg,image,/objects/paw_150.jpg,/objects/paw_150.jpg,/objects/paw_150.jpg,Christoph
paw_151,Paw Print 151 (2025-12-24),2025-12-24,20:47:51,,,species3,"Phra Nakhon, TH",Thailand,13.760621,100.496702,Image,image/jpeg,image,/objects/paw_151.jpg,/objects/paw_151.jpg,/objects/paw_151.jpg,Christoph
paw_152,Paw Print 152 (2025-12-25),2025-12-25,16:23:53,,,species3,"Bang Rak, TH",Thailand,13.724829,100.527244,Image,image/jpeg,image,/objects/paw_152.jpg,/objects/paw_152.jpg,/objects/paw_152.jpg,Christoph
paw_153,Paw Print 153 (2025-12-27),2025-12-27,16:01:24,,,species3,"Bangkok, TH",Thailand,13.745626,100.496586,Image,image/jpeg,image,/objects/paw_153.jpg,/objects/paw_153.jpg,/objects/paw_153.jpg,Christoph
paw_154,Paw Print 154 (2025-12-28),2025-12-28,17:36:20,,,species2,"Phra Khanong, TH",Thailand,13.710902,100.595242,Image,image/jpeg,image,/objects/paw_154.jpg,/objects/paw_154.jpg,/objects/paw_154.jpg,Christoph
paw_155,Paw Print 155 (2025-12-28),2025-12-28,17:43:01,,,species1,"Phra Khanong, TH",Thailand,13.708019,100.594874,Image,image/jpeg,image,/objects/paw_155.jpg,/objects/paw_155.jpg,/objects/paw_155.jpg,Christoph
paw_156,Paw Print 156 (2025-12-28),2025-12-28,18:11:59,,,species3,"Phra Khanong, TH",Thailand,13.704829,100.596118,Image,image/jpeg,image,/objects/paw_156.jpg,/objects/paw_156.jpg,/objects/paw_156.jpg,Christoph
paw_157,Paw Print 157 (2025-12-28),2025-12-28,18:12:07,,,species3,"Phra Khanong, TH",Thailand,13.704832,100.596118,Image,image/jpeg,image,/objects/paw_157.jpg,/objects/paw_157.jpg,/objects/paw_157.jpg,Christoph
paw_158,Paw Print 158 (2025-12-28),2025-12-28,18:14:30,,,species2,"Phra Khanong, TH",Thailand,13.705232,100.597553,Image,image/jpeg,image,/objects/paw_158.jpg,/objects/paw_158.jpg,/objects/paw_158.jpg,Christoph
paw_159,Paw Print 159 (2025-12-28),2025-12-28,18:15:01,,,species1,"Phra Khanong, TH",Thailand,13.705301,100.597728,Image,image/jpeg,image,/objects/paw_159.jpg,/objects/paw_159.jpg,/objects/paw_159.jpg,Christoph
paw_160,Paw Print 160 (2025-12-28),2025-12-28,19:54:28,,,species1,"Phra Khanong, TH",Thailand,13.711974,100.595224,Image,image/jpeg,image,/objects/paw_160.jpg,/objects/paw_160.jpg,/objects/paw_160.jpg,Christoph
paw_161,Paw Print 161 (2025-12-28),2025-12-28,19:56:11,,,species1,"Phra Khanong, TH",Thailand,13.711617,100.594786,Image,image/jpeg,image,/objects/paw_161.jpg,/objects/paw_161.jpg,/objects/paw_161.jpg,Christoph
paw_162,Paw Print 162 (2025-12-28),2025-12-28,19:56:17,,,species2,"Phra Khanong, TH",Thailand,13.71167,100.594779,Image,image/jpeg,image,/objects/paw_162.jpg,/objects/paw_162.jpg,/objects/paw_162.jpg,Christoph
paw_163,Paw Print 163 (2025-12-28),2025-12-28,19:58:37,,,species1,"Phra Khanong, TH",Thailand,13.711397,100.593738,Image,image/jpeg,image,/objects/paw_163.jpg,/objects/paw_163.jpg,/objects/paw_163.jpg,Christoph
paw_164,Paw Print 164 (2025-12-30),2025-12-30,15:09:23,,,species1,"Watthana, TH",Thailand,13.715478,100.59278,Image,image/jpeg,image,/objects/paw_164.jpg,/objects/paw_164.jpg,/objects/paw_164.jpg,Christoph
paw_165,Paw Print 165 (2025-12-31),2025-12-31,19:24:02,,,species3,"Ratchathewi, TH",Thailand,13.751767,100.533345,Image,image/jpeg,image,/objects/paw_165.jpg,/objects/paw_165.jpg,/objects/paw_165.jpg,Christoph
paw_166,Paw Print 166 (2025-12-31),2025-12-31,19:26:32,,,species1,"Ratchathewi, TH",Thailand,13.750243,100.533211,Image,image/jpeg,image,/objects/paw_166.jpg,/objects/paw_166.jpg,/objects/paw_166.jpg,Christoph
paw_167,Paw Print 167 (2025-12-31),2025-12-31,22:52:50,,,species3,"Ratchathewi, TH",Thailand,13.747591,100.544479,Image,image/jpeg,image,/objects/paw_167.jpg,/objects/paw_167.jpg,/objects/paw_167.jpg,Christoph
paw_168,Paw Print 168 (2025-12-31),2025-12-31,23:25:58,,,species1,"Ratchathewi, TH",Thailand,13.753052,100.539026,Image,image/jpeg,image,/objects/paw_168.jpg,/objects/paw_168.jpg,/objects/paw_168.jpg,Christoph
paw_169,Paw Print 169 (2026-01-01),2026-01-01,13:27:09,,,species2,"Ratchathewi, TH",Thailand,13.751429,100.53963,Image,image/jpeg,image,/objects/paw_169.jpg,/objects/paw_169.jpg,/objects/paw_169.jpg,Christoph
paw_170,Paw Print 170 (2026-01-02),2026-01-02,18:50:41,,,species2,"Samphanthawong, TH",Thailand,13.730615,100.515221,Image,image/jpeg,image,/objects/paw_170.jpg,/objects/paw_170.jpg,/objects/paw_170.jpg,Christoph
paw_171,Paw Print 171 (2026-01-02),2026-01-02,21:43:32,,,species1,"Samphanthawong, TH",Thailand,13.739556,100.511222,Image,image/jpeg,image,/objects/paw_171.jpg,/objects/paw_171.jpg,/objects/paw_171.jpg,Christoph
paw_172,Paw Print 172 (2026-01-05),2026-01-05,15:52:15,,,species2,"Khlong San, TH",Thailand,13.741589,100.507942,Image,image/jpeg,image,/objects/paw_172.jpg,/objects/paw_172.jpg,/objects/paw_172.jpg,Christoph
paw_173,Paw Print 173 (2026-01-05),2026-01-05,15:52:23,,,species1,"Khlong San, TH",Thailand,13.741556,100.507924,Image,image/jpeg,image,/objects/paw_173.jpg,/objects/paw_173.jpg,/objects/paw_173.jpg,Christoph
paw_174,Paw Print 174 (2026-01-05),2026-01-05,16:15:43,,,species1,"Bangkok, TH",Thailand,13.745195,100.498669,Image,image/jpeg,image,/objects/paw_174.jpg,/objects/paw_174.jpg,/objects/paw_174.jpg,Christoph
paw_175,Paw Print 175 (2026-01-06),2026-01-06,14:07:31,,,species1,"Samphanthawong, TH",Thailand,13.734484,100.514175,Image,image/jpeg,image,/objects/paw_175.jpg,/objects/paw_175.jpg,/objects/paw_175.jpg,Christoph
paw_176,Paw Print 176 (2026-01-08),2026-01-08,13:20:42,,,species3,"Khlong San, TH",Thailand,13.739491,100.510218,Image,image/jpeg,image,/objects/paw_176.jpg,/objects/paw_176.jpg,/objects/paw_176.jpg,Christoph
paw_177,Paw Print 177 (2026-01-08),2026-01-08,13:27:33,,,species3,"Khlong San, TH",Thailand,13.740473,100.508043,Image,image/jpeg,image,/objects/paw_177.jpg,/objects/paw_177.jpg,/objects/paw_177.jpg,Christoph
paw_178,Paw Print 178 (2026-01-08),2026-01-08,14:18:34,,,species2,"Bangkok, TH",Thailand,13.744206,100.505801,Image,image/jpeg,image,/objects/paw_178.jpg,/objects/paw_178.jpg,/objects/paw_178.jpg,Christoph
paw_179,Paw Print 179 (2026-01-08),2026-01-08,14:18:41,,,species3,"Bangkok, TH",Thailand,13.744214,100.505805,Image,image/jpeg,image,/objects/paw_179.jpg,/objects/paw_179.jpg,/objects/paw_179.jpg,Christoph
paw_180,Paw Print 180 (2026-01-08),2026-01-08,17:50:05,,,species1,"Bangkok, TH",Thailand,13.745647,100.496575,Image,image/jpeg,image,/objects/paw_180.jpg,/objects/paw_180.jpg,/objects/paw_180.jpg,Christoph
paw_181,Paw Print 181 (2026-01-08),2026-01-08,20:05:46,,,species2,"Khlong San, TH",Thailand,13.740534,100.507942,Image,image/jpeg,image,/objects/paw_181.jpg,/objects/paw_181.jpg,/objects/paw_181.jpg,Christoph
paw_182,Paw Print 182 (2026-01-08),2026-01-08,20:06:05,,,species1,"Khlong San, TH",Thailand,13.740385,100.508157,Image,image/jpeg,image,/objects/paw_182.jpg,/objects/paw_182.jpg,/objects/paw_182.jpg,Christoph
paw_183,Paw Print 183 (2026-01-09),2026-01-09,13:44:10,,,species3,"Samphanthawong, TH",Thailand,13.741129,100.514356,Image,image/jpeg,image,/objects/paw_183.jpg,/objects/paw_183.jpg,/objects/paw_183.jpg,Christoph
paw_184,Paw Print 184 (2026-01-09),2026-01-09,15:29:17,,,species2,"Pom Prap Sattru Phai, TH",Thailand,13.75581,100.51784,Image,image/jpeg,image,/objects/paw_184.jpg,/objects/paw_184.jpg,/objects/paw_184.jpg,Christoph
paw_185,Paw Print 185 (2026-01-09),2026-01-09,15:29:43,,,species3,"Pom Prap Sattru Phai, TH",Thailand,13.755691,100.517561,Image,image/jpeg,image,/objects/paw_185.jpg,/objects/paw_185.jpg,/objects/paw_185.jpg,Christoph
paw_186,Paw Print 186 (2026-01-09),2026-01-09,17:38:27,,,species1,"Bangkok, TH",Thailand,13.753179,100.506236,Image,image/jpeg,image,/objects/paw_186.jpg,/objects/paw_186.jpg,/objects/paw_186.jpg,Christoph
paw_187,Paw Print 187 (2026-01-09),2026-01-09,21:46:32,,,species1,"Pom Prap Sattru Phai, TH",Thailand,13.753514,100.50919,Image,image/jpeg,image,/objects/paw_187.jpg,/objects/paw_187.jpg,/objects/paw_187.jpg,Christoph
paw_188,Paw Print 188 (2026-01-12),2026-01-12,14:29:43,,,species1,"Khlong San, TH",Thailand,13.736454,100.510812,Image,image/jpeg,image,/objects/paw_188.jpg,/objects/paw_188.jpg,/objects/paw_188.jpg,Christoph
paw_189,Paw Print 189 (2026-01-12),2026-01-12,14:30:30,,,species2,"Khlong San, TH",Thailand,13.736554,100.51036,Image,image/jpeg,image,/objects/paw_189.jpg,/objects/paw_189.jpg,/objects/paw_189.jpg,Christoph
paw_190,Paw Print 190 (2026-01-12),2026-01-12,14:36:14,,,species3,"Khlong San, TH",Thailand,13.737705,100.508303,Image,image/jpeg,image,/objects/paw_190.jpg,/objects/paw_190.jpg,/objects/paw_190.jpg,Christoph
paw_191,Paw Print 191 (2026-01-13),2026-01-13,17:15:56,,,species2,"Bangkok, TH",Thailand,13.745809,100.501874,Image,image/jpeg,image,/objects/paw_191.jpg,/objects/paw_191.jpg,/objects/paw_191.jpg,Christoph
paw_192,Paw Print 192 (2026-01-14),2026-01-14,21:25:53,,,species2,"Khlong Toei, TH",Thailand,13.736021,100.561929,Image,image/jpeg,image,/objects/paw_192.jpg,/objects/paw_192.jpg,/objects/paw_192.jpg,Christoph
paw_193,Paw Print 193 (2026-01-17),2026-01-17,18:17:45,,,species3,"Watthana, TH",Thailand,13.736352,100.567957,Image,image/jpeg,image,/objects/paw_193.jpg,/objects/paw_193.jpg,/objects/paw_193.jpg,Christoph
paw_194,Paw Print 194 (2026-01-19),2026-01-19,16:44:52,,,species1,"Bangkok, TH",Thailand,13.745287,100.501684,Image,image/jpeg,image,/objects/paw_194.jpg,/objects/paw_194.jpg,/objects/paw_194.jpg,Christoph
paw_195,Paw Print 195 (2026-01-19),2026-01-19,16:45:02,,,species3,"Bangkok, TH",Thailand,13.745628,100.501232,Image,image/jpeg,image,/objects/paw_195.jpg,/objects/paw_195.jpg,/objects/paw_195.jpg,Christoph
paw_196,Paw Print 196 (2026-01-19),2026-01-19,16:45:15,,,species1,"Bangkok, TH",Thailand,13.745707,100.501256,Image,image/jpeg,image,/objects/paw_196.jpg,/objects/paw_196.jpg,/objects/paw_196.jpg,Christoph
paw_197,Paw Print 197 (2026-01-19),2026-01-19,16:45:19,,,species1,"Bangkok, TH",Thailand,13.745718,100.501289,Image,image/jpeg,image,/objects/paw_197.jpg,/objects/paw_197.jpg,/objects/paw_197.jpg,Christoph
paw_198,Paw Print 198 (2026-01-20),2026-01-20,17:24:37,,,species1,"Bangkok, TH",Thailand,13.745923,100.502189,Image,image/jpeg,image,/objects/paw_198.jpg,/objects/paw_198.jpg,/objects/paw_198.jpg,Christoph
paw_199,Paw Print 199 (2026-01-22),2026-01-22,12:56:32,,,species1,"Saladan, TH",Thailand,7.602754,99.036203,Image,image/jpeg,image,/objects/paw_199.jpg,/objects/paw_199.jpg,/objects/paw_199.jpg,Christoph
paw_200,Paw Print 200 (2026-01-22),2026-01-22,14:28:50,,,species2,"Saladan, TH",Thailand,7.60021,99.036452,Image,image/jpeg,image,/objects/paw_200.jpg,/objects/paw_200.jpg,/objects/paw_200.jpg,Christoph
paw_201,Paw Print 201 (2026-01-23),2026-01-23,17:43:03,,,species2,"Saladan, TH",Thailand,7.606885,99.035362,Image,image/jpeg,image,/objects/paw_201.jpg,/objects/paw_201.jpg,/objects/paw_201.jpg,Christoph
paw_202,Paw Print 202 (2026-01-23),2026-01-23,17:58:40,,,species3,"Saladan, TH",Thailand,7.608186,99.033042,Image,image/jpeg,image,/objects/paw_202.jpg,/objects/paw_202.jpg,/objects/paw_202.jpg,Christoph
paw_203,Paw Print 203 (2026-01-23),2026-01-23,20:37:16,,,species3,"Saladan, TH",Thailand,7.60112,99.036316,Image,image/jpeg,image,/objects/paw_203.jpg,/objects/paw_203.jpg,/objects/paw_203.jpg,Christoph
paw_204,Paw Print 204 (2026-01-23),2026-01-23,20:37:19,,,species3,"Saladan, TH",Thailand,7.601122,99.036315,Image,image/jpeg,image,/objects/paw_204.jpg,/objects/paw_204.jpg,/objects/paw_204.jpg,Christoph
paw_205,Paw Print 205 (2026-01-23),2026-01-23,20:37:33,,,species3,"Saladan, TH",Thailand,7.601066,99.036323,Image,image/jpeg,image,/objects/paw_205.jpg,/objects/paw_205.jpg,/objects/paw_205.jpg,Christoph
paw_206,Paw Print 206 (2026-01-23),2026-01-23,21:26:11,,,species3,"Saladan, TH",Thailand,7.600432,99.036649,Image,image/jpeg,image,/objects/paw_206.jpg,/objects/paw_206.jpg,/objects/paw_206.jpg,Christoph
paw_207,Paw Print 207 (2026-01-23),2026-01-23,22:21:01,,,species2,"Saladan, TH",Thailand,7.599155,99.03628,Image,image/jpeg,image,/objects/paw_207.jpg,/objects/paw_207.jpg,/objects/paw_207.jpg,Christoph
paw_208,Paw Print 208 (2026-01-24),2026-01-24,21:16:30,,,species2,"Saladan, TH",Thailand,7.601099,99.036294,Image,image/jpeg,image,/objects/paw_208.jpg,/objects/paw_208.jpg,/objects/paw_208.jpg,Christoph
paw_209,Paw Print 209 (2026-01-24),2026-01-24,21:17:22,,,species3,"Saladan, TH",Thailand,7.601096,99.036357,Image,image/jpeg,image,/objects/paw_209.jpg,/objects/paw_209.jpg,/objects/paw_209.jpg,Christoph
paw_210,Paw Print 210 (2026-01-25),2026-01-25,13:24:59,,,species2,"Saladan, TH",Thailand,7.602432,99.036294,Image,image/jpeg,image,/objects/paw_210.jpg,/objects/paw_210.jpg,/objects/paw_210.jpg,Christoph
paw_211,Paw Print 211 (2026-01-26),2026-01-26,22:18:37,,,species3,"Saladan, TH",Thailand,7.602181,99.03635,Image,image/jpeg,image,/objects/paw_211.jpg,/objects/paw_211.jpg,/objects/paw_211.jpg,Christoph
paw_212,Paw Print 212 (2026-01-26),2026-01-26,22:18:45,,,species1,"Saladan, TH",Thailand,7.602176,99.036339,Image,image/jpeg,image,/objects/paw_212.jpg,/objects/paw_212.jpg,/objects/paw_212.jpg,Christoph
paw_213,Paw Print 213 (2026-01-28),2026-01-28,12:34:28,,,species2,"Saladan, TH",Thailand,7.6082,99.033402,Image,image/jpeg,image,/objects/paw_213.jpg,/objects/paw_213.jpg,/objects/paw_213.jpg,Christoph
paw_214,Paw Print 214 (2026-01-29),2026-01-29,11:17:45,,,species1,"Saladan, TH",Thailand,7.616393,99.033465,Image,image/jpeg,image,/objects/paw_214.jpg,/objects/paw_214.jpg,/objects/paw_214.jpg,Christoph
paw_215,Paw Print 215 (2026-01-31),2026-01-31,21:51:01,,,species3,"Saladan, TH",Thailand,7.608352,99.033804,Image,image/jpeg,image,/objects/paw_215.jpg,/objects/paw_215.jpg,/objects/paw_215.jpg,Christoph
paw_216,Paw Print 216 (2026-02-02),2026-02-02,10:34:29,,,species1,"Saladan, TH",Thailand,7.608008,99.036353,Image,image/jpeg,image,/objects/paw_216.jpg,/objects/paw_216.jpg,/objects/paw_216.jpg,Christoph
paw_217,Paw Print 217 (2026-02-04),2026-02-04,13:43:42,,,species2,"Saladan, TH",Thailand,7.617162,99.033219,Image,image/jpeg,image,/objects/paw_217.jpg,/objects/paw_217.jpg,/objects/paw_217.jpg,Christoph
paw_218,Paw Print 218 (2026-02-05),2026-02-05,19:01:21,,,species1,"Saladan, TH",Thailand,7.599818,99.035032,Image,image/jpeg,image,/objects/paw_218.jpg,/objects/paw_218.jpg,/objects/paw_218.jpg,Christoph
paw_219,Paw Print 219 (2026-02-12),2026-02-12,18:06:19,,,species1,"Saladan, TH",Thailand,7.608518,99.034792,Image,image/jpeg,image,/objects/paw_219.jpg,/objects/paw_219.jpg,/objects/paw_219.jpg,Christoph
paw_220,Paw Print 220 (2026-02-12),2026-02-12,18:06:35,,,species2,"Saladan, TH",Thailand,7.608518,99.034792,Image,image/jpeg,image,/objects/paw_220.jpg,/objects/paw_220.jpg,/objects/paw_220.jpg,Christoph
paw_221,Paw Print 221 (2026-02-12),2026-02-12,18:09:31,,,species3,"Saladan, TH",Thailand,7.60825,99.033292,Image,image/jpeg,image,/objects/paw_221.jpg,/objects/paw_221.jpg,/objects/paw_221.jpg,Christoph
paw_222,Paw Print 222 (2026-02-15),2026-02-15,18:41:54,,,species1,"Kuala Lumpur, MY",Malaysia,3.147305,101.697235,Image,image/jpeg,image,/objects/paw_222.jpg,/objects/paw_222.jpg,/objects/paw_222.jpg,Christoph
paw_223,Paw Print 223 (2026),2026,17:50:45,,,species3,"Ko Chang Tai, TH",Thailand,12.086936,102.278794,Image,image/jpeg,image,/objects/paw_223.jpeg,/objects/paw_223.jpeg,/objects/paw_223.jpeg,Jo√£o
paw_224,Paw Print 224 (5375-42-78),5375-42-78,,,,species3,,,,,Image,image/jpeg,image,/objects/paw_224.jpg,/objects/paw_224.jpg,/objects/paw_224.jpg,Christoph
paw_225,Paw Print 225 (2023-02-26),2023-02-26,12:35:12,,,species1,"Las Palmas de Gran Canaria, ES",Spain,28.140165,-15.430332,Image,image/jpeg,image,/objects/paw_225.jpg,/objects/paw_225.jpg,/objects/paw_225.jpg,Christoph
paw_226,Paw Print 226 (2023-12-31),2023-12-31,00:15:10,,,species3,"Chiang Mai, TH",Thailand,18.783434,98.984989,Image,image/jpeg,image,/objects/paw_226.jpg,/objects/paw_226.jpg,/objects/paw_226.jpg,Christoph
paw_227,Paw Print 227 (2024-04-23),2024-04-23,13:06:52,,,species2,"Keelung, TW",Taiwan,25.086919,121.826341,Image,image/jpeg,image,/objects/paw_227.jpg,/objects/paw_227.jpg,/objects/paw_227.jpg,Christoph
paw_228,Paw Print 228 (2024-04-23),2024-04-23,13:07:00,,,species2,"Keelung, TW",Taiwan,25.086926,121.826344,Image,image/jpeg,image,/objects/paw_228.jpg,/objects/paw_228.jpg,/objects/paw_228.jpg,Christoph
paw_229,Paw Print 229 (2025-01-04),2025-01-04,00:26:08,,,species3,"Qiaodong, CN",China,23.663778,116.646433,Image,image/jpeg,image,/objects/paw_229.jpg,/objects/paw_229.jpg,/objects/paw_229.jpg,Christoph
paw_230,Paw Print 230 (2025-01-11),2025-01-11,18:50:18,,,species2,"Bangkok, TH",Thailand,13.744429,100.503884,Image,image/jpeg,image,/objects/paw_230.jpg,/objects/paw_230.jpg,/objects/paw_230.jpg,Christoph
paw_231,Paw Print 231 (2025-01-20),2025-01-20,00:14:05,,,species3,,,,,Image,image/jpeg,image,/objects/paw_231.jpg,/objects/paw_231.jpg,/objects/paw_231.jpg,Christoph
paw_232,Paw Print 232 (2025-12-13),2025-12-13,13:01:42,,,species1,"Louangphabang, LA",LA,19.891485,102.138348,Image,image/jpeg,image,/objects/paw_232.jpg,/objects/paw_232.jpg,/objects/paw_232.jpg,Christoph
